"","temporada","n_en_serie","n_en_temp","im_db_rating","num_votes","mujer","hombre","adolescente","nino","asesino","cuerpo","victima","piromano","familia"
"1",-1.60194945369906,-1.72092808832869,-1.64321906201183,0.1150541057041,2.56134985070553,2.37336538991892,-0.297328093234179,-0.147769094003736,-0.345942857822181,0.806028483625454,-0.297328093234179,-0.56786764626573,-0.113962702966696,-0.338141527150266
"2",-1.60194945369906,-1.70609250136034,-1.49646933359146,-0.359416808084495,1.45108126745174,-0.419534286096779,-0.297328093234179,-0.147769094003736,-0.345942857822181,-1.23532626294771,-0.297328093234179,-0.56786764626573,8.73714056077999,-0.338141527150266
"3",-1.60194945369906,-1.69125691439199,-1.34971960517108,-0.359416808084495,1.24268133920346,-0.419534286096779,-0.297328093234179,-0.147769094003736,-0.345942857822181,-1.23532626294771,-0.297328093234179,-0.56786764626573,-0.113962702966696,-0.338141527150266
"4",-1.60194945369906,-1.67642132742364,-1.20296987675071,-0.122181351190197,0.811509073862183,-0.419534286096779,-0.297328093234179,-0.147769094003736,-0.345942857822181,0.806028483625454,-0.297328093234179,-0.56786764626573,-0.113962702966696,-0.338141527150266
"5",-1.60194945369906,-1.66158574045529,-1.05622014833034,0.1150541057041,1.01272279768811,-0.419534286096779,3.34885326063759,-0.147769094003736,2.87824457708054,-1.23532626294771,-0.297328093234179,-0.56786764626573,-0.113962702966696,-0.338141527150266
"6",-1.60194945369906,-1.64675015348694,-0.909470419909961,1.30123139017559,2.0277741723457,-0.419534286096779,3.34885326063759,-0.147769094003736,-0.345942857822181,-1.23532626294771,-0.297328093234179,-0.56786764626573,-0.113962702966696,-0.338141527150266
"7",-1.60194945369906,-1.63191456651858,-0.762720691489586,0.352289562598399,0.860015953713076,-0.419534286096779,-0.297328093234179,-0.147769094003736,2.87824457708054,0.806028483625454,-0.297328093234179,-0.56786764626573,-0.113962702966696,2.9446491322669
"8",-1.60194945369906,-1.61707897955023,-0.615970963069212,-0.596652264978792,0.577957430135658,-0.419534286096779,-0.297328093234179,-0.147769094003736,-0.345942857822181,0.806028483625454,3.34885326063759,1.75341589022401,-0.113962702966696,-0.338141527150266
"9",-1.60194945369906,-1.60224339258188,-0.469221234648837,0.1150541057041,2.03136727455688,-0.419534286096779,-0.297328093234179,-0.147769094003736,-0.345942857822181,-1.23532626294771,-0.297328093234179,-0.56786764626573,-0.113962702966696,-0.338141527150266
"10",-1.60194945369906,-1.58740780561353,-0.322471506228463,-0.596652264978792,1.37023646770025,-0.419534286096779,-0.297328093234179,-0.147769094003736,-0.345942857822181,0.806028483625454,-0.297328093234179,1.75341589022401,-0.113962702966696,-0.338141527150266
"11",-1.60194945369906,-1.57257221864518,-0.175721777808088,-1.54559409255598,1.51036745393617,-0.419534286096779,-0.297328093234179,-0.147769094003736,-0.345942857822181,0.806028483625454,-0.297328093234179,-0.56786764626573,-0.113962702966696,-0.338141527150266
"12",-1.60194945369906,-1.55773663167683,-0.0289720493877134,-0.833887721873089,0.0731265694652478,-0.419534286096779,3.34885326063759,-0.147769094003736,2.87824457708054,-1.23532626294771,-0.297328093234179,-0.56786764626573,-0.113962702966696,-0.338141527150266
"13",-1.60194945369906,-1.54290104470848,0.117777679032661,-1.07112317876739,0.197088595750865,-0.419534286096779,-0.297328093234179,-0.147769094003736,-0.345942857822181,-1.23532626294771,-0.297328093234179,-0.56786764626573,-0.113962702966696,-0.338141527150266
"14",-1.60194945369906,-1.52806545774013,0.264527407453036,2.25017321775278,4.27885270764828,2.37336538991892,-0.297328093234179,-0.147769094003736,-0.345942857822181,0.806028483625454,-0.297328093234179,1.75341589022401,-0.113962702966696,-0.338141527150266
"15",-1.60194945369906,-1.51322987077178,0.41127713587341,-0.122181351190197,0.198885146856453,-0.419534286096779,-0.297328093234179,-0.147769094003736,-0.345942857822181,0.806028483625454,-0.297328093234179,-0.56786764626573,-0.113962702966696,-0.338141527150266
"16",-1.60194945369906,-1.49839428380343,0.558026864293785,-0.359416808084495,0.613888452247431,-0.419534286096779,-0.297328093234179,-0.147769094003736,-0.345942857822181,-1.23532626294771,-0.297328093234179,-0.56786764626573,-0.113962702966696,-0.338141527150266
"17",-1.60194945369906,-1.48355869683508,0.704776592714159,-0.359416808084495,0.171936880272624,-0.419534286096779,3.34885326063759,-0.147769094003736,-0.345942857822181,0.806028483625454,-0.297328093234179,-0.56786764626573,-0.113962702966696,-0.338141527150266
"18",-1.60194945369906,-1.46872310986673,0.851526321134534,1.06399593328129,2.40325335341373,-0.419534286096779,-0.297328093234179,-0.147769094003736,-0.345942857822181,0.806028483625454,-0.297328093234179,1.75341589022401,-0.113962702966696,-0.338141527150266
"19",-1.60194945369906,-1.45388752289837,0.998276049554909,-1.30835863566168,0.419860932843857,2.37336538991892,-0.297328093234179,-0.147769094003736,-0.345942857822181,0.806028483625454,-0.297328093234179,1.75341589022401,-0.113962702966696,2.9446491322669
"20",-1.60194945369906,-1.43905193593002,1.14502577797528,-0.359416808084495,0.0300093429311203,-0.419534286096779,-0.297328093234179,-0.147769094003736,-0.345942857822181,0.806028483625454,-0.297328093234179,-0.56786764626573,-0.113962702966696,-0.338141527150266
"21",-1.60194945369906,-1.42421634896167,1.29177550639566,-0.359416808084495,1.26603650357611,-0.419534286096779,-0.297328093234179,-0.147769094003736,-0.345942857822181,-1.23532626294771,-0.297328093234179,-0.56786764626573,-0.113962702966696,-0.338141527150266
"22",-1.60194945369906,-1.40938076199332,1.43852523481603,1.77570230396418,1.94513282148862,-0.419534286096779,-0.297328093234179,-0.147769094003736,-0.345942857822181,0.806028483625454,-0.297328093234179,-0.56786764626573,-0.113962702966696,-0.338141527150266
"23",-1.25114661280444,-1.39454517502497,-1.64321906201183,2.25017321775278,1.59839845811001,-0.419534286096779,-0.297328093234179,-0.147769094003736,-0.345942857822181,0.806028483625454,-0.297328093234179,1.75341589022401,-0.113962702966696,-0.338141527150266
"24",-1.25114661280444,-1.37970958805662,-1.49646933359146,0.352289562598399,0.12343000042173,-0.419534286096779,-0.297328093234179,-0.147769094003736,-0.345942857822181,-1.23532626294771,-0.297328093234179,-0.56786764626573,-0.113962702966696,-0.338141527150266
"25",-1.25114661280444,-1.36487400108827,-1.34971960517108,-0.122181351190197,-0.271811242807773,-0.419534286096779,-0.297328093234179,-0.147769094003736,-0.345942857822181,0.806028483625454,-0.297328093234179,1.75341589022401,-0.113962702966696,2.9446491322669
"26",-1.25114661280444,-1.35003841411992,-1.20296987675071,-0.833887721873089,-0.0274802924477165,-0.419534286096779,-0.297328093234179,-0.147769094003736,-0.345942857822181,-1.23532626294771,-0.297328093234179,1.75341589022401,-0.113962702966696,-0.338141527150266
"27",-1.25114661280444,-1.33520282715157,-1.05622014833034,-0.359416808084495,0.0982782849434889,2.37336538991892,-0.297328093234179,-0.147769094003736,-0.345942857822181,-1.23532626294771,-0.297328093234179,-0.56786764626573,-0.113962702966696,-0.338141527150266
"28",-1.25114661280444,-1.32036724018322,-0.909470419909961,0.1150541057041,0.84205044265719,-0.419534286096779,-0.297328093234179,-0.147769094003736,2.87824457708054,0.806028483625454,-0.297328093234179,-0.56786764626573,-0.113962702966696,-0.338141527150266
"29",-1.25114661280444,-1.30553165321487,-0.762720691489586,0.826760476386993,0.445012648322098,-0.419534286096779,3.34885326063759,6.73827068657037,-0.345942857822181,-1.23532626294771,-0.297328093234179,-0.56786764626573,-0.113962702966696,-0.338141527150266
"30",-1.25114661280444,-1.29069606624652,-0.615970963069212,-0.359416808084495,-0.0256837413421279,-0.419534286096779,-0.297328093234179,-0.147769094003736,-0.345942857822181,-1.23532626294771,-0.297328093234179,-0.56786764626573,-0.113962702966696,-0.338141527150266
"31",-1.25114661280444,-1.27586047927817,-0.469221234648837,0.1150541057041,-0.0993423366712625,-0.419534286096779,-0.297328093234179,-0.147769094003736,-0.345942857822181,0.806028483625454,-0.297328093234179,-0.56786764626573,-0.113962702966696,-0.338141527150266
"32",-1.25114661280444,-1.26102489230982,-0.322471506228463,1.30123139017559,0.466571261589162,-0.419534286096779,-0.297328093234179,-0.147769094003736,-0.345942857822181,-1.23532626294771,-0.297328093234179,-0.56786764626573,-0.113962702966696,-0.338141527150266
"33",-1.25114661280444,-1.24618930534146,-0.175721777808088,1.77570230396418,2.13736378978661,-0.419534286096779,-0.297328093234179,-0.147769094003736,-0.345942857822181,0.806028483625454,3.34885326063759,-0.56786764626573,-0.113962702966696,-0.338141527150266
"34",-1.25114661280444,-1.23135371837311,-0.0289720493877134,0.826760476386993,0.72168151858275,-0.419534286096779,-0.297328093234179,-0.147769094003736,-0.345942857822181,0.806028483625454,-0.297328093234179,-0.56786764626573,-0.113962702966696,-0.338141527150266
"35",-1.25114661280444,-1.21651813140476,0.117777679032661,1.53846684706989,0.500705732595346,-0.419534286096779,-0.297328093234179,-0.147769094003736,-0.345942857822181,0.806028483625454,-0.297328093234179,1.75341589022401,-0.113962702966696,-0.338141527150266
"36",-1.25114661280444,-1.20168254443641,0.264527407453036,1.06399593328129,0.342609235303545,2.37336538991892,-0.297328093234179,-0.147769094003736,-0.345942857822181,0.806028483625454,-0.297328093234179,-0.56786764626573,-0.113962702966696,-0.338141527150266
"37",-1.25114661280444,-1.18684695746806,0.41127713587341,2.72464413154138,2.99611521825798,-0.419534286096779,-0.297328093234179,-0.147769094003736,-0.345942857822181,-1.23532626294771,-0.297328093234179,-0.56786764626573,-0.113962702966696,-0.338141527150266
"38",-1.25114661280444,-1.17201137049971,0.558026864293785,-0.596652264978792,-0.0167009858141846,-0.419534286096779,-0.297328093234179,-0.147769094003736,-0.345942857822181,0.806028483625454,-0.297328093234179,-0.56786764626573,-0.113962702966696,-0.338141527150266
"39",-1.25114661280444,-1.15717578353136,0.704776592714159,-0.122181351190197,-0.119104398832738,-0.419534286096779,-0.297328093234179,-0.147769094003736,-0.345942857822181,0.806028483625454,-0.297328093234179,-0.56786764626573,-0.113962702966696,-0.338141527150266
"40",-1.25114661280444,-1.14234019656301,0.851526321134534,0.826760476386993,1.43131920529027,-0.419534286096779,-0.297328093234179,-0.147769094003736,-0.345942857822181,0.806028483625454,-0.297328093234179,-0.56786764626573,-0.113962702966696,-0.338141527150266
"41",-1.25114661280444,-1.12750460959466,0.998276049554909,-0.122181351190197,-0.0562251101371349,-0.419534286096779,-0.297328093234179,-0.147769094003736,-0.345942857822181,-1.23532626294771,-0.297328093234179,-0.56786764626573,8.73714056077999,2.9446491322669
"42",-1.25114661280444,-1.11266902262631,1.14502577797528,-1.54559409255598,0.750426336272169,-0.419534286096779,-0.297328093234179,-0.147769094003736,-0.345942857822181,-1.23532626294771,-0.297328093234179,-0.56786764626573,-0.113962702966696,-0.338141527150266
"43",-1.25114661280444,-1.09783343565796,1.29177550639566,0.352289562598399,0.233019617862638,-0.419534286096779,-0.297328093234179,-0.147769094003736,-0.345942857822181,0.806028483625454,-0.297328093234179,-0.56786764626573,-0.113962702966696,-0.338141527150266
"44",-1.25114661280444,-1.08299784868961,1.43852523481603,1.06399593328129,-0.0238871902365392,-0.419534286096779,-0.297328093234179,-0.147769094003736,-0.345942857822181,-1.23532626294771,-0.297328093234179,-0.56786764626573,-0.113962702966696,-0.338141527150266
"45",-1.25114661280444,-1.06816226172126,1.58527496323641,1.30123139017559,1.23908823699228,-0.419534286096779,-0.297328093234179,-0.147769094003736,-0.345942857822181,0.806028483625454,-0.297328093234179,-0.56786764626573,-0.113962702966696,-0.338141527150266
"46",-0.900343771909813,-1.0533266747529,-1.64321906201183,-0.359416808084495,-0.304149162708369,2.37336538991892,-0.297328093234179,-0.147769094003736,-0.345942857822181,0.806028483625454,-0.297328093234179,-0.56786764626573,-0.113962702966696,-0.338141527150266
"47",-0.900343771909813,-1.03849108778455,-1.49646933359146,0.352289562598399,-0.126290603255092,2.37336538991892,-0.297328093234179,-0.147769094003736,-0.345942857822181,0.806028483625454,-0.297328093234179,-0.56786764626573,-0.113962702966696,-0.338141527150266
"48",-0.900343771909813,-1.0236555008162,-1.34971960517108,-0.359416808084495,-0.156831972050099,-0.419534286096779,-0.297328093234179,-0.147769094003736,-0.345942857822181,0.806028483625454,-0.297328093234179,1.75341589022401,-0.113962702966696,-0.338141527150266
"49",-0.900343771909813,-1.00881991384785,-1.20296987675071,0.352289562598399,-0.291573304969248,-0.419534286096779,-0.297328093234179,-0.147769094003736,-0.345942857822181,0.806028483625454,-0.297328093234179,-0.56786764626573,-0.113962702966696,2.9446491322669
"50",-0.900343771909813,-0.993984326879501,-1.05622014833034,1.30123139017559,0.371354052992964,-0.419534286096779,-0.297328093234179,-0.147769094003736,2.87824457708054,-1.23532626294771,-0.297328093234179,-0.56786764626573,-0.113962702966696,-0.338141527150266
"51",-0.900343771909813,-0.979148739911151,-0.909470419909961,-0.596652264978792,-0.334690531503376,-0.419534286096779,-0.297328093234179,-0.147769094003736,-0.345942857822181,0.806028483625454,-0.297328093234179,1.75341589022401,-0.113962702966696,-0.338141527150266
"52",-0.900343771909813,-0.9643131529428,-0.762720691489586,-0.833887721873089,-0.377807758037503,2.37336538991892,3.34885326063759,-0.147769094003736,-0.345942857822181,0.806028483625454,-0.297328093234179,-0.56786764626573,-0.113962702966696,-0.338141527150266
"53",-0.900343771909813,-0.949477565974449,-0.615970963069212,1.06399593328129,1.4888088406691,-0.419534286096779,3.34885326063759,-0.147769094003736,-0.345942857822181,0.806028483625454,-0.297328093234179,-0.56786764626573,-0.113962702966696,-0.338141527150266
"54",-0.900343771909813,-0.934641979006098,-0.469221234648837,2.25017321775278,2.03136727455688,-0.419534286096779,3.34885326063759,-0.147769094003736,-0.345942857822181,0.806028483625454,-0.297328093234179,-0.56786764626573,-0.113962702966696,-0.338141527150266
"55",-0.900343771909813,-0.919806392037748,-0.322471506228463,0.1150541057041,0.394709217365616,-0.419534286096779,-0.297328093234179,-0.147769094003736,-0.345942857822181,-1.23532626294771,-0.297328093234179,-0.56786764626573,-0.113962702966696,-0.338141527150266
"56",-0.900343771909813,-0.904970805069397,-0.175721777808088,-0.122181351190197,-0.230490567379234,2.37336538991892,-0.297328093234179,-0.147769094003736,-0.345942857822181,0.806028483625454,-0.297328093234179,-0.56786764626573,-0.113962702966696,-0.338141527150266
"57",-0.900343771909813,-0.890135218101046,-0.0289720493877134,0.589525019492696,0.125226551527319,-0.419534286096779,-0.297328093234179,6.73827068657037,-0.345942857822181,0.806028483625454,-0.297328093234179,-0.56786764626573,-0.113962702966696,-0.338141527150266
"58",-0.900343771909813,-0.875299631132695,0.117777679032661,-0.596652264978792,-0.252049180646298,-0.419534286096779,-0.297328093234179,-0.147769094003736,-0.345942857822181,0.806028483625454,3.34885326063759,1.75341589022401,-0.113962702966696,-0.338141527150266
"59",-0.900343771909813,-0.860464044164344,0.264527407453036,0.352289562598399,1.061229677539,-0.419534286096779,-0.297328093234179,-0.147769094003736,-0.345942857822181,0.806028483625454,-0.297328093234179,1.75341589022401,-0.113962702966696,-0.338141527150266
"60",-0.900343771909813,-0.845628457195994,0.41127713587341,-0.833887721873089,-0.171204380894808,-0.419534286096779,-0.297328093234179,-0.147769094003736,-0.345942857822181,0.806028483625454,-0.297328093234179,1.75341589022401,-0.113962702966696,2.9446491322669
"61",-0.900343771909813,-0.830792870227643,0.558026864293785,1.30123139017559,1.38281232543937,-0.419534286096779,-0.297328093234179,-0.147769094003736,-0.345942857822181,0.806028483625454,-0.297328093234179,-0.56786764626573,-0.113962702966696,-0.338141527150266
"62",-0.900343771909813,-0.815957283259292,0.704776592714159,-0.359416808084495,-0.0202940880253619,-0.419534286096779,-0.297328093234179,-0.147769094003736,-0.345942857822181,0.806028483625454,-0.297328093234179,-0.56786764626573,-0.113962702966696,-0.338141527150266
"63",-0.900343771909813,-0.801121696290941,0.851526321134534,-0.359416808084495,-0.323911224869844,2.37336538991892,-0.297328093234179,-0.147769094003736,-0.345942857822181,-1.23532626294771,-0.297328093234179,-0.56786764626573,-0.113962702966696,-0.338141527150266
"64",-0.900343771909813,-0.786286109322591,0.998276049554909,0.826760476386993,0.949843508992509,-0.419534286096779,-0.297328093234179,-0.147769094003736,-0.345942857822181,0.806028483625454,-0.297328093234179,-0.56786764626573,-0.113962702966696,-0.338141527150266
"65",-0.900343771909813,-0.77145052235424,1.14502577797528,1.77570230396418,1.31813648563818,-0.419534286096779,-0.297328093234179,-0.147769094003736,-0.345942857822181,0.806028483625454,-0.297328093234179,1.75341589022401,-0.113962702966696,-0.338141527150266
"66",-0.549540931015187,-0.756614935385889,-1.64321906201183,2.01293776085848,1.73493634213475,-0.419534286096779,-0.297328093234179,-0.147769094003736,-0.345942857822181,-1.23532626294771,-0.297328093234179,-0.56786764626573,-0.113962702966696,-0.338141527150266
"67",-0.549540931015187,-0.741779348417538,-1.49646933359146,-0.122181351190197,-0.0256837413421279,-0.419534286096779,-0.297328093234179,-0.147769094003736,-0.345942857822181,0.806028483625454,-0.297328093234179,-0.56786764626573,-0.113962702966696,-0.338141527150266
"68",-0.549540931015187,-0.726943761449187,-1.34971960517108,1.06399593328129,1.32711924116613,-0.419534286096779,-0.297328093234179,-0.147769094003736,-0.345942857822181,-1.23532626294771,-0.297328093234179,-0.56786764626573,-0.113962702966696,-0.338141527150266
"69",-0.549540931015187,-0.712108174480837,-1.20296987675071,-0.122181351190197,-0.183780238633929,-0.419534286096779,-0.297328093234179,-0.147769094003736,-0.345942857822181,-1.23532626294771,-0.297328093234179,-0.56786764626573,-0.113962702966696,-0.338141527150266
"70",-0.549540931015187,-0.697272587512486,-1.05622014833034,-1.30835863566168,-0.255642282857475,-0.419534286096779,-0.297328093234179,-0.147769094003736,-0.345942857822181,0.806028483625454,-0.297328093234179,1.75341589022401,-0.113962702966696,-0.338141527150266
"71",-0.549540931015187,-0.682437000544135,-0.909470419909961,0.826760476386993,1.10075380186196,-0.419534286096779,-0.297328093234179,-0.147769094003736,2.87824457708054,0.806028483625454,3.34885326063759,-0.56786764626573,-0.113962702966696,2.9446491322669
"72",-0.549540931015187,-0.667601413575785,-0.762720691489586,1.53846684706989,1.32891579227171,-0.419534286096779,-0.297328093234179,-0.147769094003736,2.87824457708054,0.806028483625454,-0.297328093234179,-0.56786764626573,-0.113962702966696,-0.338141527150266
"73",-0.549540931015187,-0.652765826607434,-0.615970963069212,1.30123139017559,0.676767740943034,-0.419534286096779,-0.297328093234179,-0.147769094003736,-0.345942857822181,-1.23532626294771,-0.297328093234179,1.75341589022401,-0.113962702966696,-0.338141527150266
"74",-0.549540931015187,-0.637930239639083,-0.469221234648837,0.352289562598399,0.177326533589389,-0.419534286096779,-0.297328093234179,-0.147769094003736,-0.345942857822181,0.806028483625454,-0.297328093234179,1.75341589022401,-0.113962702966696,-0.338141527150266
"75",-0.549540931015187,-0.623094652670732,-0.322471506228463,-0.596652264978792,-0.444280148944283,-0.419534286096779,-0.297328093234179,-0.147769094003736,-0.345942857822181,0.806028483625454,-0.297328093234179,-0.56786764626573,-0.113962702966696,-0.338141527150266
"76",-0.549540931015187,-0.608259065702381,-0.175721777808088,1.30123139017559,0.254578231129701,2.37336538991892,-0.297328093234179,-0.147769094003736,-0.345942857822181,0.806028483625454,-0.297328093234179,-0.56786764626573,-0.113962702966696,-0.338141527150266
"77",-0.549540931015187,-0.593423478734031,-0.0289720493877134,-0.122181351190197,-0.490990477689588,2.37336538991892,-0.297328093234179,-0.147769094003736,-0.345942857822181,0.806028483625454,-0.297328093234179,-0.56786764626573,-0.113962702966696,-0.338141527150266
"78",-0.549540931015187,-0.57858789176568,0.117777679032661,0.352289562598399,-0.24845607843512,-0.419534286096779,-0.297328093234179,-0.147769094003736,2.87824457708054,0.806028483625454,-0.297328093234179,-0.56786764626573,-0.113962702966696,2.9446491322669
"79",-0.549540931015187,-0.563752304797329,0.264527407453036,-0.833887721873089,-0.751490387999942,-0.419534286096779,-0.297328093234179,-0.147769094003736,-0.345942857822181,0.806028483625454,-0.297328093234179,1.75341589022401,-0.113962702966696,-0.338141527150266
"80",-0.549540931015187,-0.548916717828978,0.41127713587341,0.826760476386993,-0.237676771801588,-0.419534286096779,-0.297328093234179,-0.147769094003736,-0.345942857822181,0.806028483625454,-0.297328093234179,1.75341589022401,-0.113962702966696,-0.338141527150266
"81",-0.549540931015187,-0.534081130860628,0.558026864293785,0.826760476386993,0.236612720073815,-0.419534286096779,-0.297328093234179,-0.147769094003736,-0.345942857822181,0.806028483625454,-0.297328093234179,-0.56786764626573,-0.113962702966696,-0.338141527150266
"82",-0.549540931015187,-0.519245543892277,0.704776592714159,-1.78282954945028,0.606702247825077,-0.419534286096779,-0.297328093234179,-0.147769094003736,-0.345942857822181,-1.23532626294771,-0.297328093234179,1.75341589022401,-0.113962702966696,-0.338141527150266
"83",-0.549540931015187,-0.504409956923926,0.851526321134534,2.01293776085848,0.461181608272396,-0.419534286096779,-0.297328093234179,-0.147769094003736,-0.345942857822181,0.806028483625454,-0.297328093234179,-0.56786764626573,-0.113962702966696,-0.338141527150266
"84",-0.549540931015187,-0.489574369955575,0.998276049554909,-1.07112317876739,0.628260861092141,-0.419534286096779,-0.297328093234179,-0.147769094003736,-0.345942857822181,0.806028483625454,-0.297328093234179,-0.56786764626573,8.73714056077999,-0.338141527150266
"85",-0.549540931015187,-0.474738782987224,1.14502577797528,1.53846684706989,1.81937424409741,-0.419534286096779,-0.297328093234179,6.73827068657037,-0.345942857822181,0.806028483625454,-0.297328093234179,-0.56786764626573,-0.113962702966696,-0.338141527150266
"86",-0.549540931015187,-0.459903196018874,1.29177550639566,0.589525019492696,-0.453262904472226,-0.419534286096779,-0.297328093234179,-0.147769094003736,2.87824457708054,0.806028483625454,-0.297328093234179,-0.56786764626573,-0.113962702966696,-0.338141527150266
"87",-0.549540931015187,-0.445067609050523,1.43852523481603,1.06399593328129,1.53372261830882,-0.419534286096779,-0.297328093234179,-0.147769094003736,-0.345942857822181,0.806028483625454,-0.297328093234179,1.75341589022401,-0.113962702966696,-0.338141527150266
"88",-0.549540931015187,-0.430232022082172,1.58527496323641,-1.07112317876739,-0.205338851900993,-0.419534286096779,-0.297328093234179,-0.147769094003736,-0.345942857822181,0.806028483625454,-0.297328093234179,-0.56786764626573,-0.113962702966696,-0.338141527150266
"89",-0.549540931015187,-0.415396435113821,1.73202469165678,1.53846684706989,1.2678330546817,-0.419534286096779,-0.297328093234179,-0.147769094003736,-0.345942857822181,0.806028483625454,-0.297328093234179,-0.56786764626573,-0.113962702966696,-0.338141527150266
"90",-0.549540931015187,-0.400560848145471,1.87877442007716,1.77570230396418,0.401895421787971,-0.419534286096779,-0.297328093234179,-0.147769094003736,-0.345942857822181,0.806028483625454,-0.297328093234179,-0.56786764626573,-0.113962702966696,-0.338141527150266
"91",-0.549540931015187,-0.38572526117712,2.02552414849753,2.25017321775278,-3.59543078814677,-0.419534286096779,-0.297328093234179,-0.147769094003736,-0.345942857822181,0.806028483625454,-0.297328093234179,-0.56786764626573,-0.113962702966696,-0.338141527150266
"92",-0.198738090120561,-0.370889674208769,-1.64321906201183,0.589525019492696,0.0767196716764251,-0.419534286096779,-0.297328093234179,-0.147769094003736,-0.345942857822181,0.806028483625454,-0.297328093234179,-0.56786764626573,-0.113962702966696,-0.338141527150266
"93",-0.198738090120561,-0.356054087240418,-1.49646933359146,-0.122181351190197,0.734257376321871,-0.419534286096779,3.34885326063759,-0.147769094003736,-0.345942857822181,-1.23532626294771,-0.297328093234179,-0.56786764626573,-0.113962702966696,-0.338141527150266
"94",-0.198738090120561,-0.341218500272068,-1.34971960517108,-0.833887721873089,0.551009163551829,2.37336538991892,3.34885326063759,-0.147769094003736,-0.345942857822181,0.806028483625454,-0.297328093234179,-0.56786764626573,-0.113962702966696,-0.338141527150266
"95",-0.198738090120561,-0.326382913303717,-1.20296987675071,-1.07112317876739,-0.230490567379234,-0.419534286096779,-0.297328093234179,-0.147769094003736,-0.345942857822181,0.806028483625454,-0.297328093234179,-0.56786764626573,-0.113962702966696,-0.338141527150266
"96",-0.198738090120561,-0.311547326335366,-1.05622014833034,-0.359416808084495,-0.729931774732878,2.37336538991892,-0.297328093234179,-0.147769094003736,2.87824457708054,0.806028483625454,-0.297328093234179,1.75341589022401,-0.113962702966696,-0.338141527150266
"97",-0.198738090120561,-0.296711739367015,-0.909470419909961,-1.30835863566168,-0.676035241565219,-0.419534286096779,-0.297328093234179,-0.147769094003736,-0.345942857822181,0.806028483625454,-0.297328093234179,1.75341589022401,-0.113962702966696,-0.338141527150266
"98",-0.198738090120561,-0.281876152398665,-0.762720691489586,-0.833887721873089,-0.18198368752834,-0.419534286096779,-0.297328093234179,-0.147769094003736,-0.345942857822181,0.806028483625454,-0.297328093234179,-0.56786764626573,-0.113962702966696,-0.338141527150266
"99",-0.198738090120561,-0.267040565430314,-0.615970963069212,-0.122181351190197,-0.742507632471999,-0.419534286096779,-0.297328093234179,-0.147769094003736,-0.345942857822181,0.806028483625454,-0.297328093234179,-0.56786764626573,-0.113962702966696,2.9446491322669
"100",-0.198738090120561,-0.252204978461963,-0.469221234648837,3.43635050222427,3.69677014943755,-0.419534286096779,-0.297328093234179,-0.147769094003736,-0.345942857822181,-1.23532626294771,-0.297328093234179,-0.56786764626573,-0.113962702966696,-0.338141527150266
"101",-0.198738090120561,-0.237369391493612,-0.322471506228463,-0.122181351190197,-0.738914530260822,2.37336538991892,-0.297328093234179,-0.147769094003736,-0.345942857822181,-1.23532626294771,-0.297328093234179,1.75341589022401,-0.113962702966696,-0.338141527150266
"102",-0.198738090120561,-0.222533804525262,-0.175721777808088,-1.07112317876739,-0.787421410111715,-0.419534286096779,-0.297328093234179,-0.147769094003736,-0.345942857822181,0.806028483625454,-0.297328093234179,-0.56786764626573,-0.113962702966696,-0.338141527150266
"103",-0.198738090120561,-0.207698217556911,-0.0289720493877134,1.53846684706989,1.39179508096732,2.37336538991892,-0.297328093234179,-0.147769094003736,-0.345942857822181,-1.23532626294771,-0.297328093234179,-0.56786764626573,-0.113962702966696,-0.338141527150266
"104",-0.198738090120561,-0.19286263058856,0.117777679032661,-0.122181351190197,0.705512558632452,-0.419534286096779,-0.297328093234179,-0.147769094003736,-0.345942857822181,-1.23532626294771,-0.297328093234179,-0.56786764626573,-0.113962702966696,-0.338141527150266
"105",-0.198738090120561,-0.178027043620209,0.264527407453036,-0.833887721873089,-0.846707596596141,-0.419534286096779,-0.297328093234179,-0.147769094003736,-0.345942857822181,0.806028483625454,-0.297328093234179,-0.56786764626573,-0.113962702966696,-0.338141527150266
"106",-0.198738090120561,-0.163191456651858,0.41127713587341,-0.359416808084495,-0.916773089714098,-0.419534286096779,-0.297328093234179,-0.147769094003736,-0.345942857822181,0.806028483625454,-0.297328093234179,-0.56786764626573,-0.113962702966696,-0.338141527150266
"107",-0.198738090120561,-0.148355869683508,0.558026864293785,2.72464413154138,3.00689452489151,-0.419534286096779,-0.297328093234179,-0.147769094003736,2.87824457708054,-1.23532626294771,-0.297328093234179,-0.56786764626573,-0.113962702966696,-0.338141527150266
"108",-0.198738090120561,-0.133520282715157,0.704776592714159,-0.596652264978792,-0.972466173987346,2.37336538991892,-0.297328093234179,-0.147769094003736,-0.345942857822181,0.806028483625454,-0.297328093234179,-0.56786764626573,-0.113962702966696,-0.338141527150266
"109",-0.198738090120561,-0.118684695746806,0.851526321134534,-1.07112317876739,-0.343673287031319,-0.419534286096779,-0.297328093234179,-0.147769094003736,-0.345942857822181,0.806028483625454,-0.297328093234179,-0.56786764626573,-0.113962702966696,-0.338141527150266
"110",-0.198738090120561,-0.103849108778455,0.998276049554909,-1.07112317876739,-0.63471456613668,-0.419534286096779,-0.297328093234179,-0.147769094003736,-0.345942857822181,0.806028483625454,-0.297328093234179,-0.56786764626573,-0.113962702966696,-0.338141527150266
"111",-0.198738090120561,-0.0890135218101046,1.14502577797528,0.352289562598399,0.0192300362975884,-0.419534286096779,-0.297328093234179,-0.147769094003736,-0.345942857822181,0.806028483625454,-0.297328093234179,1.75341589022401,-0.113962702966696,-0.338141527150266
"112",-0.198738090120561,-0.0741779348417538,1.29177550639566,-0.359416808084495,0.540229856918297,-0.419534286096779,-0.297328093234179,-0.147769094003736,-0.345942857822181,0.806028483625454,-0.297328093234179,-0.56786764626573,-0.113962702966696,-0.338141527150266
"113",-0.198738090120561,-0.0593423478734031,1.43852523481603,-0.122181351190197,-0.243066425118354,-0.419534286096779,-0.297328093234179,-0.147769094003736,-0.345942857822181,0.806028483625454,-0.297328093234179,1.75341589022401,-0.113962702966696,-0.338141527150266
"114",-0.198738090120561,-0.0445067609050523,1.58527496323641,0.589525019492696,-0.377807758037503,-0.419534286096779,-0.297328093234179,-0.147769094003736,-0.345942857822181,0.806028483625454,-0.297328093234179,1.75341589022401,-0.113962702966696,-0.338141527150266
"115",0.152064750774065,-0.0296711739367015,-1.64321906201183,0.589525019492696,-0.0580216612427236,-0.419534286096779,-0.297328093234179,-0.147769094003736,-0.345942857822181,-1.23532626294771,-0.297328093234179,-0.56786764626573,-0.113962702966696,-0.338141527150266
"116",0.152064750774065,-0.0148355869683508,-1.49646933359146,0.826760476386993,0.114447244893787,-0.419534286096779,-0.297328093234179,-0.147769094003736,-0.345942857822181,-1.23532626294771,-0.297328093234179,-0.56786764626573,-0.113962702966696,2.9446491322669
"117",0.152064750774065,0,-1.34971960517108,-0.122181351190197,-0.760473143527885,2.37336538991892,-0.297328093234179,-0.147769094003736,-0.345942857822181,0.806028483625454,-0.297328093234179,-0.56786764626573,-0.113962702966696,-0.338141527150266
"118",0.152064750774065,0.0148355869683508,-1.20296987675071,-0.833887721873089,0.423454035055034,-0.419534286096779,-0.297328093234179,-0.147769094003736,-0.345942857822181,0.806028483625454,-0.297328093234179,-0.56786764626573,-0.113962702966696,-0.338141527150266
"119",0.152064750774065,0.0296711739367015,-1.05622014833034,-0.122181351190197,-0.622138708397559,-0.419534286096779,-0.297328093234179,-0.147769094003736,-0.345942857822181,0.806028483625454,-0.297328093234179,-0.56786764626573,-0.113962702966696,2.9446491322669
"120",0.152064750774065,0.0445067609050523,-0.909470419909961,-1.30835863566168,-0.702983508149049,-0.419534286096779,-0.297328093234179,-0.147769094003736,-0.345942857822181,0.806028483625454,-0.297328093234179,-0.56786764626573,-0.113962702966696,-0.338141527150266
"121",0.152064750774065,0.0593423478734031,-0.762720691489586,-0.359416808084495,0.524060896967999,-0.419534286096779,-0.297328093234179,-0.147769094003736,-0.345942857822181,0.806028483625454,3.34885326063759,1.75341589022401,-0.113962702966696,-0.338141527150266
"122",0.152064750774065,0.0741779348417538,-0.615970963069212,-0.122181351190197,0.860015953713076,2.37336538991892,-0.297328093234179,-0.147769094003736,-0.345942857822181,0.806028483625454,-0.297328093234179,-0.56786764626573,-0.113962702966696,-0.338141527150266
"123",0.152064750774065,0.0890135218101046,-0.469221234648837,-0.122181351190197,-0.467635313316936,-0.419534286096779,-0.297328093234179,-0.147769094003736,2.87824457708054,0.806028483625454,-0.297328093234179,1.75341589022401,-0.113962702966696,-0.338141527150266
"124",0.152064750774065,0.103849108778455,-0.322471506228463,-0.359416808084495,-0.742507632471999,2.37336538991892,-0.297328093234179,-0.147769094003736,-0.345942857822181,0.806028483625454,-0.297328093234179,-0.56786764626573,-0.113962702966696,-0.338141527150266
"125",0.152064750774065,0.118684695746806,-0.175721777808088,0.1150541057041,-0.765862796844651,-0.419534286096779,3.34885326063759,-0.147769094003736,-0.345942857822181,-1.23532626294771,-0.297328093234179,-0.56786764626573,-0.113962702966696,-0.338141527150266
"126",0.152064750774065,0.133520282715157,-0.0289720493877134,-0.596652264978792,0.657005678781559,-0.419534286096779,-0.297328093234179,-0.147769094003736,-0.345942857822181,0.806028483625454,-0.297328093234179,-0.56786764626573,-0.113962702966696,-0.338141527150266
"127",0.152064750774065,0.148355869683508,0.117777679032661,-0.596652264978792,-0.402959473515744,-0.419534286096779,-0.297328093234179,-0.147769094003736,-0.345942857822181,0.806028483625454,-0.297328093234179,-0.56786764626573,-0.113962702966696,-0.338141527150266
"128",0.152064750774065,0.163191456651858,0.264527407453036,-1.07112317876739,-0.841317943279375,2.37336538991892,-0.297328093234179,-0.147769094003736,-0.345942857822181,-1.23532626294771,-0.297328093234179,-0.56786764626573,-0.113962702966696,-0.338141527150266
"129",0.152064750774065,0.178027043620209,0.41127713587341,-1.30835863566168,-0.602376646236084,-0.419534286096779,-0.297328093234179,-0.147769094003736,-0.345942857822181,-1.23532626294771,-0.297328093234179,-0.56786764626573,-0.113962702966696,-0.338141527150266
"130",0.152064750774065,0.19286263058856,0.558026864293785,0.826760476386993,0.92109869130309,-0.419534286096779,-0.297328093234179,-0.147769094003736,2.87824457708054,-1.23532626294771,-0.297328093234179,-0.56786764626573,-0.113962702966696,-0.338141527150266
"131",0.152064750774065,0.207698217556911,0.704776592714159,0.589525019492696,-0.546683561962836,-0.419534286096779,3.34885326063759,-0.147769094003736,-0.345942857822181,0.806028483625454,-0.297328093234179,-0.56786764626573,-0.113962702966696,-0.338141527150266
"132",0.152064750774065,0.222533804525262,0.851526321134534,2.25017321775278,1.2354951347811,-0.419534286096779,-0.297328093234179,-0.147769094003736,-0.345942857822181,-1.23532626294771,-0.297328093234179,-0.56786764626573,-0.113962702966696,-0.338141527150266
"133",0.152064750774065,0.237369391493612,0.998276049554909,-0.596652264978792,0.374947155204141,-0.419534286096779,-0.297328093234179,-0.147769094003736,-0.345942857822181,0.806028483625454,-0.297328093234179,1.75341589022401,-0.113962702966696,-0.338141527150266
"134",0.152064750774065,0.252204978461963,1.14502577797528,-0.596652264978792,-0.981448929515289,2.37336538991892,-0.297328093234179,-0.147769094003736,-0.345942857822181,0.806028483625454,-0.297328093234179,-0.56786764626573,-0.113962702966696,-0.338141527150266
"135",0.152064750774065,0.267040565430314,1.29177550639566,-1.07112317876739,-1.29764192409889,-0.419534286096779,-0.297328093234179,-0.147769094003736,-0.345942857822181,-1.23532626294771,-0.297328093234179,-0.56786764626573,-0.113962702966696,-0.338141527150266
"136",0.152064750774065,0.281876152398665,1.43852523481603,-0.833887721873089,-1.23116953319211,2.37336538991892,-0.297328093234179,-0.147769094003736,-0.345942857822181,-1.23532626294771,-0.297328093234179,1.75341589022401,-0.113962702966696,-0.338141527150266
"137",0.152064750774065,0.296711739367015,1.58527496323641,-1.07112317876739,-0.990431685043233,-0.419534286096779,-0.297328093234179,-0.147769094003736,-0.345942857822181,0.806028483625454,-0.297328093234179,1.75341589022401,-0.113962702966696,-0.338141527150266
"138",0.152064750774065,0.311547326335366,1.73202469165678,-0.122181351190197,-1.02456615604942,-0.419534286096779,-0.297328093234179,-0.147769094003736,-0.345942857822181,-1.23532626294771,3.34885326063759,-0.56786764626573,-0.113962702966696,-0.338141527150266
"139",0.502867591668691,0.326382913303717,-1.64321906201183,0.589525019492696,-0.185576789739518,-0.419534286096779,-0.297328093234179,-0.147769094003736,-0.345942857822181,-1.23532626294771,-0.297328093234179,-0.56786764626573,-0.113962702966696,2.9446491322669
"140",0.502867591668691,0.341218500272068,-1.49646933359146,0.352289562598399,-0.512549090956652,2.37336538991892,-0.297328093234179,-0.147769094003736,-0.345942857822181,0.806028483625454,-0.297328093234179,-0.56786764626573,-0.113962702966696,-0.338141527150266
"141",0.502867591668691,0.356054087240418,-1.34971960517108,-0.122181351190197,-0.483804273267233,-0.419534286096779,-0.297328093234179,-0.147769094003736,-0.345942857822181,0.806028483625454,-0.297328093234179,-0.56786764626573,-0.113962702966696,-0.338141527150266
"142",0.502867591668691,0.370889674208769,-1.20296987675071,0.1150541057041,0.0946851827323116,-0.419534286096779,-0.297328093234179,-0.147769094003736,-0.345942857822181,0.806028483625454,-0.297328093234179,1.75341589022401,-0.113962702966696,-0.338141527150266
"143",0.502867591668691,0.38572526117712,-1.05622014833034,-0.833887721873089,-0.965279969564992,2.37336538991892,-0.297328093234179,-0.147769094003736,2.87824457708054,-1.23532626294771,-0.297328093234179,-0.56786764626573,-0.113962702966696,-0.338141527150266
"144",0.502867591668691,0.400560848145471,-0.909470419909961,-0.833887721873089,-0.839521392173786,-0.419534286096779,-0.297328093234179,-0.147769094003736,-0.345942857822181,-1.23532626294771,3.34885326063759,-0.56786764626573,-0.113962702966696,-0.338141527150266
"145",0.502867591668691,0.415396435113821,-0.762720691489586,-1.30835863566168,-0.733524876944056,-0.419534286096779,-0.297328093234179,6.73827068657037,-0.345942857822181,-1.23532626294771,3.34885326063759,-0.56786764626573,-0.113962702966696,-0.338141527150266
"146",0.502867591668691,0.430232022082172,-0.615970963069212,-0.122181351190197,0.403691972893559,2.37336538991892,-0.297328093234179,-0.147769094003736,-0.345942857822181,-1.23532626294771,-0.297328093234179,-0.56786764626573,-0.113962702966696,-0.338141527150266
"147",0.502867591668691,0.445067609050523,-0.469221234648837,-0.122181351190197,-1.06409028037237,-0.419534286096779,-0.297328093234179,-0.147769094003736,-0.345942857822181,-1.23532626294771,-0.297328093234179,-0.56786764626573,-0.113962702966696,-0.338141527150266
"148",0.502867591668691,0.459903196018874,-0.322471506228463,-1.30835863566168,-0.961686867353814,-0.419534286096779,-0.297328093234179,-0.147769094003736,-0.345942857822181,0.806028483625454,-0.297328093234179,-0.56786764626573,-0.113962702966696,-0.338141527150266
"149",0.502867591668691,0.474738782987224,-0.175721777808088,1.53846684706989,0.97499522447075,-0.419534286096779,-0.297328093234179,-0.147769094003736,-0.345942857822181,0.806028483625454,-0.297328093234179,-0.56786764626573,-0.113962702966696,-0.338141527150266
"150",0.502867591668691,0.489574369955575,-0.0289720493877134,0.589525019492696,-0.782031756794949,-0.419534286096779,3.34885326063759,-0.147769094003736,-0.345942857822181,-1.23532626294771,-0.297328093234179,1.75341589022401,-0.113962702966696,-0.338141527150266
"151",0.502867591668691,0.504409956923926,0.117777679032661,-1.07112317876739,0.28332304881912,-0.419534286096779,-0.297328093234179,-0.147769094003736,-0.345942857822181,0.806028483625454,-0.297328093234179,-0.56786764626573,-0.113962702966696,-0.338141527150266
"152",0.502867591668691,0.519245543892277,0.264527407453036,-1.30835863566168,-1.08205579142825,-0.419534286096779,-0.297328093234179,-0.147769094003736,-0.345942857822181,-1.23532626294771,3.34885326063759,-0.56786764626573,-0.113962702966696,-0.338141527150266
"153",0.502867591668691,0.534081130860628,0.41127713587341,-1.07112317876739,-1.02276960494383,-0.419534286096779,-0.297328093234179,-0.147769094003736,-0.345942857822181,0.806028483625454,-0.297328093234179,-0.56786764626573,-0.113962702966696,-0.338141527150266
"154",0.502867591668691,0.548916717828978,0.558026864293785,-0.596652264978792,-0.956297214037048,2.37336538991892,-0.297328093234179,-0.147769094003736,-0.345942857822181,0.806028483625454,-0.297328093234179,-0.56786764626573,-0.113962702966696,-0.338141527150266
"155",0.502867591668691,0.563752304797329,0.704776592714159,-1.07112317876739,0.263560986657645,-0.419534286096779,-0.297328093234179,-0.147769094003736,2.87824457708054,0.806028483625454,-0.297328093234179,-0.56786764626573,-0.113962702966696,-0.338141527150266
"156",0.502867591668691,0.57858789176568,0.851526321134534,0.352289562598399,-0.866469658757616,-0.419534286096779,-0.297328093234179,-0.147769094003736,2.87824457708054,-1.23532626294771,-0.297328093234179,-0.56786764626573,-0.113962702966696,-0.338141527150266
"157",0.502867591668691,0.593423478734031,0.998276049554909,0.589525019492696,0.892353873613672,2.37336538991892,-0.297328093234179,-0.147769094003736,-0.345942857822181,0.806028483625454,-0.297328093234179,1.75341589022401,-0.113962702966696,-0.338141527150266
"158",0.502867591668691,0.608259065702381,1.14502577797528,1.06399593328129,-0.780235205689361,-0.419534286096779,-0.297328093234179,-0.147769094003736,-0.345942857822181,-1.23532626294771,-0.297328093234179,-0.56786764626573,-0.113962702966696,2.9446491322669
"159",0.502867591668691,0.623094652670732,1.29177550639566,-0.833887721873089,-1.06229372926678,-0.419534286096779,-0.297328093234179,-0.147769094003736,-0.345942857822181,0.806028483625454,-0.297328093234179,-0.56786764626573,-0.113962702966696,-0.338141527150266
"160",0.502867591668691,0.637930239639083,1.43852523481603,0.826760476386993,-0.796404165639658,-0.419534286096779,-0.297328093234179,-0.147769094003736,-0.345942857822181,0.806028483625454,-0.297328093234179,-0.56786764626573,-0.113962702966696,-0.338141527150266
"161",0.502867591668691,0.652765826607434,1.58527496323641,1.53846684706989,-0.149645767627745,-0.419534286096779,-0.297328093234179,-0.147769094003736,-0.345942857822181,-1.23532626294771,-0.297328093234179,-0.56786764626573,-0.113962702966696,-0.338141527150266
"162",0.502867591668691,0.667601413575785,1.73202469165678,1.77570230396418,-0.0634113145594895,-0.419534286096779,-0.297328093234179,-0.147769094003736,-0.345942857822181,-1.23532626294771,-0.297328093234179,-0.56786764626573,-0.113962702966696,-0.338141527150266
"163",0.853670432563317,0.682437000544135,-1.64321906201183,-0.833887721873089,-0.87365586317997,-0.419534286096779,-0.297328093234179,-0.147769094003736,-0.345942857822181,-1.23532626294771,-0.297328093234179,1.75341589022401,-0.113962702966696,-0.338141527150266
"164",0.853670432563317,0.697272587512486,-1.49646933359146,-0.833887721873089,-0.976059276198523,-0.419534286096779,-0.297328093234179,-0.147769094003736,-0.345942857822181,0.806028483625454,3.34885326063759,1.75341589022401,-0.113962702966696,-0.338141527150266
"165",0.853670432563317,0.712108174480837,-1.34971960517108,-0.596652264978792,-1.17906955113004,-0.419534286096779,-0.297328093234179,-0.147769094003736,-0.345942857822181,0.806028483625454,-0.297328093234179,-0.56786764626573,-0.113962702966696,2.9446491322669
"166",0.853670432563317,0.726943761449187,-1.20296987675071,-0.122181351190197,0.321050622036481,2.37336538991892,-0.297328093234179,-0.147769094003736,-0.345942857822181,-1.23532626294771,3.34885326063759,1.75341589022401,-0.113962702966696,-0.338141527150266
"167",0.853670432563317,0.741779348417538,-1.05622014833034,-0.833887721873089,-0.16940782978922,-0.419534286096779,3.34885326063759,-0.147769094003736,-0.345942857822181,-1.23532626294771,-0.297328093234179,-0.56786764626573,-0.113962702966696,-0.338141527150266
"168",0.853670432563317,0.756614935385889,-0.909470419909961,-0.359416808084495,-0.68861109930434,-0.419534286096779,3.34885326063759,-0.147769094003736,-0.345942857822181,0.806028483625454,-0.297328093234179,-0.56786764626573,-0.113962702966696,-0.338141527150266
"169",0.853670432563317,0.77145052235424,-0.762720691489586,-0.122181351190197,-1.15571438675739,-0.419534286096779,-0.297328093234179,-0.147769094003736,-0.345942857822181,-1.23532626294771,3.34885326063759,-0.56786764626573,-0.113962702966696,-0.338141527150266
"170",0.853670432563317,0.786286109322591,-0.615970963069212,-1.07112317876739,0.38931956404885,-0.419534286096779,-0.297328093234179,-0.147769094003736,2.87824457708054,-1.23532626294771,-0.297328093234179,-0.56786764626573,-0.113962702966696,-0.338141527150266
"171",0.853670432563317,0.801121696290941,-0.469221234648837,-1.54559409255598,-0.250252629540709,-0.419534286096779,-0.297328093234179,-0.147769094003736,-0.345942857822181,0.806028483625454,-0.297328093234179,-0.56786764626573,-0.113962702966696,2.9446491322669
"172",0.853670432563317,0.815957283259292,-0.322471506228463,1.06399593328129,0.86899870924102,2.37336538991892,-0.297328093234179,-0.147769094003736,-0.345942857822181,0.806028483625454,3.34885326063759,-0.56786764626573,-0.113962702966696,-0.338141527150266
"173",0.853670432563317,0.830792870227643,-0.175721777808088,-1.07112317876739,-1.04612476931648,-0.419534286096779,-0.297328093234179,-0.147769094003736,-0.345942857822181,0.806028483625454,-0.297328093234179,-0.56786764626573,-0.113962702966696,-0.338141527150266
"174",0.853670432563317,0.845628457195994,-0.0289720493877134,2.01293776085848,1.74571564876828,-0.419534286096779,-0.297328093234179,-0.147769094003736,-0.345942857822181,-1.23532626294771,-0.297328093234179,-0.56786764626573,-0.113962702966696,-0.338141527150266
"175",0.853670432563317,0.860464044164344,0.117777679032661,-0.122181351190197,0.18990239132851,-0.419534286096779,-0.297328093234179,-0.147769094003736,-0.345942857822181,-1.23532626294771,-0.297328093234179,1.75341589022401,-0.113962702966696,-0.338141527150266
"176",0.853670432563317,0.875299631132695,0.264527407453036,0.352289562598399,-1.07846268921708,-0.419534286096779,-0.297328093234179,-0.147769094003736,-0.345942857822181,-1.23532626294771,-0.297328093234179,-0.56786764626573,-0.113962702966696,-0.338141527150266
"177",0.853670432563317,0.890135218101046,0.41127713587341,-0.359416808084495,-0.96707652067058,-0.419534286096779,-0.297328093234179,-0.147769094003736,-0.345942857822181,-1.23532626294771,-0.297328093234179,1.75341589022401,-0.113962702966696,-0.338141527150266
"178",0.853670432563317,0.904970805069397,0.558026864293785,0.1150541057041,-1.16110404007415,-0.419534286096779,-0.297328093234179,-0.147769094003736,-0.345942857822181,-1.23532626294771,-0.297328093234179,1.75341589022401,-0.113962702966696,-0.338141527150266
"179",0.853670432563317,0.919806392037748,0.704776592714159,-1.07112317876739,-0.253845731751886,-0.419534286096779,-0.297328093234179,-0.147769094003736,-0.345942857822181,-1.23532626294771,-0.297328093234179,1.75341589022401,-0.113962702966696,-0.338141527150266
"180",0.853670432563317,0.934641979006098,0.851526321134534,-0.122181351190197,-1.0425316671053,-0.419534286096779,3.34885326063759,-0.147769094003736,2.87824457708054,-1.23532626294771,-0.297328093234179,-0.56786764626573,-0.113962702966696,-0.338141527150266
"181",0.853670432563317,0.949477565974449,0.998276049554909,-0.833887721873089,-1.04792132042207,-0.419534286096779,-0.297328093234179,-0.147769094003736,-0.345942857822181,-1.23532626294771,-0.297328093234179,-0.56786764626573,-0.113962702966696,-0.338141527150266
"182",0.853670432563317,0.9643131529428,1.14502577797528,-0.359416808084495,0.109057591577021,-0.419534286096779,-0.297328093234179,-0.147769094003736,-0.345942857822181,0.806028483625454,-0.297328093234179,1.75341589022401,-0.113962702966696,-0.338141527150266
"183",0.853670432563317,0.979148739911151,1.29177550639566,-0.122181351190197,-0.456856006683404,-0.419534286096779,-0.297328093234179,-0.147769094003736,2.87824457708054,-1.23532626294771,-0.297328093234179,-0.56786764626573,-0.113962702966696,-0.338141527150266
"184",0.853670432563317,0.993984326879501,1.43852523481603,-0.833887721873089,-0.902400680869389,-0.419534286096779,-0.297328093234179,-0.147769094003736,-0.345942857822181,0.806028483625454,-0.297328093234179,-0.56786764626573,-0.113962702966696,-0.338141527150266
"185",0.853670432563317,1.00881991384785,1.58527496323641,-0.122181351190197,-1.17727300002445,-0.419534286096779,-0.297328093234179,-0.147769094003736,-0.345942857822181,-1.23532626294771,-0.297328093234179,-0.56786764626573,-0.113962702966696,-0.338141527150266
"186",0.853670432563317,1.0236555008162,1.73202469165678,1.06399593328129,-0.516142193167829,-0.419534286096779,-0.297328093234179,-0.147769094003736,-0.345942857822181,-1.23532626294771,-0.297328093234179,-0.56786764626573,-0.113962702966696,-0.338141527150266
"187",1.20447327345794,1.03849108778455,-1.64321906201183,-0.833887721873089,-0.74071108136641,2.37336538991892,-0.297328093234179,-0.147769094003736,-0.345942857822181,-1.23532626294771,-0.297328093234179,-0.56786764626573,-0.113962702966696,-0.338141527150266
"188",1.20447327345794,1.0533266747529,-1.49646933359146,-0.596652264978792,-0.866469658757616,-0.419534286096779,-0.297328093234179,-0.147769094003736,-0.345942857822181,-1.23532626294771,-0.297328093234179,-0.56786764626573,-0.113962702966696,2.9446491322669
"189",1.20447327345794,1.06816226172126,-1.34971960517108,-0.122181351190197,-1.10002130248414,2.37336538991892,-0.297328093234179,-0.147769094003736,-0.345942857822181,0.806028483625454,-0.297328093234179,-0.56786764626573,-0.113962702966696,-0.338141527150266
"190",1.20447327345794,1.08299784868961,-1.20296987675071,-0.596652264978792,-0.80718347227319,-0.419534286096779,-0.297328093234179,-0.147769094003736,-0.345942857822181,-1.23532626294771,-0.297328093234179,1.75341589022401,-0.113962702966696,-0.338141527150266
"191",1.20447327345794,1.09783343565796,-1.05622014833034,-0.122181351190197,-0.879045516496736,-0.419534286096779,-0.297328093234179,-0.147769094003736,-0.345942857822181,-1.23532626294771,-0.297328093234179,-0.56786764626573,-0.113962702966696,-0.338141527150266
"192",1.20447327345794,1.11266902262631,-0.909470419909961,-0.833887721873089,-1.08564889363943,2.37336538991892,-0.297328093234179,-0.147769094003736,-0.345942857822181,0.806028483625454,-0.297328093234179,-0.56786764626573,-0.113962702966696,-0.338141527150266
"193",1.20447327345794,1.12750460959466,-0.762720691489586,0.1150541057041,0.148581715899971,-0.419534286096779,-0.297328093234179,-0.147769094003736,-0.345942857822181,-1.23532626294771,-0.297328093234179,-0.56786764626573,-0.113962702966696,-0.338141527150266
"194",1.20447327345794,1.14234019656301,-0.615970963069212,-0.833887721873089,-1.11080060911767,-0.419534286096779,-0.297328093234179,6.73827068657037,-0.345942857822181,0.806028483625454,-0.297328093234179,-0.56786764626573,-0.113962702966696,-0.338141527150266
"195",1.20447327345794,1.15717578353136,-0.469221234648837,0.1150541057041,-0.799997267850836,-0.419534286096779,-0.297328093234179,-0.147769094003736,-0.345942857822181,-1.23532626294771,-0.297328093234179,-0.56786764626573,-0.113962702966696,2.9446491322669
"196",1.20447327345794,1.17201137049971,-0.322471506228463,0.826760476386993,-0.266421589491007,-0.419534286096779,-0.297328093234179,-0.147769094003736,2.87824457708054,-1.23532626294771,-0.297328093234179,-0.56786764626573,-0.113962702966696,-0.338141527150266
"197",1.20447327345794,1.18684695746806,-0.175721777808088,-0.596652264978792,-1.29045571967654,-0.419534286096779,-0.297328093234179,-0.147769094003736,-0.345942857822181,0.806028483625454,-0.297328093234179,-0.56786764626573,-0.113962702966696,-0.338141527150266
"198",1.20447327345794,1.20168254443641,-0.0289720493877134,-0.833887721873089,0.206071351278808,-0.419534286096779,-0.297328093234179,-0.147769094003736,-0.345942857822181,0.806028483625454,-0.297328093234179,-0.56786764626573,-0.113962702966696,-0.338141527150266
"199",1.20447327345794,1.21651813140476,0.117777679032661,-0.359416808084495,-1.36411431500567,-0.419534286096779,-0.297328093234179,-0.147769094003736,-0.345942857822181,0.806028483625454,-0.297328093234179,-0.56786764626573,-0.113962702966696,-0.338141527150266
"200",1.20447327345794,1.23135371837311,0.264527407453036,1.06399593328129,-0.189169891950695,-0.419534286096779,-0.297328093234179,-0.147769094003736,-0.345942857822181,-1.23532626294771,-0.297328093234179,-0.56786764626573,-0.113962702966696,-0.338141527150266
"201",1.20447327345794,1.24618930534146,0.41127713587341,-0.833887721873089,-1.36591086611126,-0.419534286096779,-0.297328093234179,-0.147769094003736,-0.345942857822181,0.806028483625454,-0.297328093234179,-0.56786764626573,-0.113962702966696,-0.338141527150266
"202",1.20447327345794,1.26102489230982,0.558026864293785,0.826760476386993,-0.68861109930434,-0.419534286096779,-0.297328093234179,-0.147769094003736,2.87824457708054,-1.23532626294771,-0.297328093234179,-0.56786764626573,-0.113962702966696,2.9446491322669
"203",1.20447327345794,1.27586047927817,0.704776592714159,-0.596652264978792,-0.252049180646298,-0.419534286096779,-0.297328093234179,-0.147769094003736,-0.345942857822181,0.806028483625454,3.34885326063759,-0.56786764626573,-0.113962702966696,-0.338141527150266
"204",1.20447327345794,1.29069606624652,0.851526321134534,-0.359416808084495,-1.23116953319211,-0.419534286096779,-0.297328093234179,-0.147769094003736,-0.345942857822181,-1.23532626294771,3.34885326063759,-0.56786764626573,-0.113962702966696,-0.338141527150266
"205",1.20447327345794,1.30553165321487,0.998276049554909,-0.122181351190197,-1.06049717816119,-0.419534286096779,-0.297328093234179,-0.147769094003736,-0.345942857822181,-1.23532626294771,-0.297328093234179,-0.56786764626573,-0.113962702966696,-0.338141527150266
"206",1.20447327345794,1.32036724018322,1.14502577797528,0.352289562598399,0.288712702135886,-0.419534286096779,-0.297328093234179,-0.147769094003736,-0.345942857822181,0.806028483625454,3.34885326063759,1.75341589022401,-0.113962702966696,2.9446491322669
"207",1.20447327345794,1.33520282715157,1.29177550639566,-0.833887721873089,-0.880842067602325,-0.419534286096779,-0.297328093234179,-0.147769094003736,-0.345942857822181,-1.23532626294771,-0.297328093234179,-0.56786764626573,-0.113962702966696,-0.338141527150266
"208",1.20447327345794,1.35003841411992,1.43852523481603,-0.833887721873089,-0.950907560720282,-0.419534286096779,-0.297328093234179,-0.147769094003736,-0.345942857822181,0.806028483625454,3.34885326063759,1.75341589022401,-0.113962702966696,-0.338141527150266
"209",1.20447327345794,1.36487400108827,1.58527496323641,1.06399593328129,-0.318521571553078,-0.419534286096779,-0.297328093234179,-0.147769094003736,-0.345942857822181,0.806028483625454,-0.297328093234179,-0.56786764626573,-0.113962702966696,-0.338141527150266
"210",1.20447327345794,1.37970958805662,1.73202469165678,2.25017321775278,0.551009163551829,-0.419534286096779,-0.297328093234179,-0.147769094003736,-0.345942857822181,0.806028483625454,-0.297328093234179,-0.56786764626573,-0.113962702966696,-0.338141527150266
"211",1.55527611435257,1.39454517502497,-1.64321906201183,-0.122181351190197,-0.543090459751659,-0.419534286096779,-0.297328093234179,-0.147769094003736,-0.345942857822181,0.806028483625454,-0.297328093234179,1.75341589022401,-0.113962702966696,-0.338141527150266
"212",1.55527611435257,1.40938076199332,-1.49646933359146,-1.30835863566168,0.0156369340864111,-0.419534286096779,3.34885326063759,-0.147769094003736,-0.345942857822181,0.806028483625454,-0.297328093234179,-0.56786764626573,-0.113962702966696,-0.338141527150266
"213",1.55527611435257,1.42421634896167,-1.34971960517108,-0.359416808084495,0.0389920984590635,-0.419534286096779,-0.297328093234179,-0.147769094003736,-0.345942857822181,-1.23532626294771,-0.297328093234179,-0.56786764626573,-0.113962702966696,2.9446491322669
"214",1.55527611435257,1.43905193593002,-1.20296987675071,-1.07112317876739,-0.983245480620878,-0.419534286096779,-0.297328093234179,-0.147769094003736,-0.345942857822181,0.806028483625454,3.34885326063759,1.75341589022401,-0.113962702966696,-0.338141527150266
"215",1.55527611435257,1.45388752289837,-1.05622014833034,-0.833887721873089,-0.756880041316708,-0.419534286096779,-0.297328093234179,-0.147769094003736,2.87824457708054,-1.23532626294771,-0.297328093234179,-0.56786764626573,-0.113962702966696,-0.338141527150266
"216",1.55527611435257,1.46872310986673,-0.909470419909961,-0.359416808084495,-0.616749055080793,-0.419534286096779,3.34885326063759,-0.147769094003736,2.87824457708054,0.806028483625454,-0.297328093234179,1.75341589022401,-0.113962702966696,-0.338141527150266
"217",1.55527611435257,1.48355869683508,-0.762720691489586,-0.596652264978792,-1.16290059117974,-0.419534286096779,-0.297328093234179,-0.147769094003736,-0.345942857822181,-1.23532626294771,-0.297328093234179,1.75341589022401,-0.113962702966696,-0.338141527150266
"218",1.55527611435257,1.49839428380343,-0.615970963069212,-0.596652264978792,-1.15571438675739,-0.419534286096779,-0.297328093234179,-0.147769094003736,-0.345942857822181,-1.23532626294771,-0.297328093234179,-0.56786764626573,-0.113962702966696,-0.338141527150266
"219",1.55527611435257,1.51322987077178,-0.469221234648837,-0.833887721873089,-1.03534546268295,2.37336538991892,-0.297328093234179,-0.147769094003736,-0.345942857822181,0.806028483625454,-0.297328093234179,-0.56786764626573,-0.113962702966696,-0.338141527150266
"220",1.55527611435257,1.52806545774013,-0.322471506228463,-1.30835863566168,-0.63471456613668,-0.419534286096779,-0.297328093234179,-0.147769094003736,-0.345942857822181,0.806028483625454,-0.297328093234179,-0.56786764626573,-0.113962702966696,2.9446491322669
"221",1.55527611435257,1.54290104470848,-0.175721777808088,-0.359416808084495,-0.0903595811433193,-0.419534286096779,-0.297328093234179,-0.147769094003736,-0.345942857822181,-1.23532626294771,3.34885326063759,1.75341589022401,-0.113962702966696,-0.338141527150266
"222",1.55527611435257,1.55773663167683,-0.0289720493877134,-0.596652264978792,-1.04073511599971,-0.419534286096779,-0.297328093234179,-0.147769094003736,-0.345942857822181,0.806028483625454,-0.297328093234179,-0.56786764626573,-0.113962702966696,-0.338141527150266
"223",1.55527611435257,1.57257221864518,0.117777679032661,0.826760476386993,0.137802409266439,-0.419534286096779,-0.297328093234179,-0.147769094003736,-0.345942857822181,0.806028483625454,-0.297328093234179,-0.56786764626573,-0.113962702966696,-0.338141527150266
"224",1.55527611435257,1.58740780561353,0.264527407453036,-1.07112317876739,-0.203542300795404,-0.419534286096779,3.34885326063759,-0.147769094003736,-0.345942857822181,-1.23532626294771,-0.297328093234179,1.75341589022401,-0.113962702966696,2.9446491322669
"225",1.55527611435257,1.60224339258188,0.41127713587341,-1.07112317876739,-1.16469714228533,-0.419534286096779,-0.297328093234179,-0.147769094003736,2.87824457708054,0.806028483625454,-0.297328093234179,1.75341589022401,-0.113962702966696,-0.338141527150266
"226",1.55527611435257,1.61707897955023,0.558026864293785,-0.122181351190197,-0.629324912819914,-0.419534286096779,-0.297328093234179,-0.147769094003736,-0.345942857822181,0.806028483625454,-0.297328093234179,-0.56786764626573,-0.113962702966696,-0.338141527150266
"227",1.55527611435257,1.63191456651858,0.704776592714159,-1.54559409255598,-0.620342157291971,2.37336538991892,-0.297328093234179,-0.147769094003736,-0.345942857822181,0.806028483625454,-0.297328093234179,1.75341589022401,-0.113962702966696,-0.338141527150266
"228",1.55527611435257,1.64675015348694,0.851526321134534,-0.596652264978792,-0.183780238633929,-0.419534286096779,-0.297328093234179,-0.147769094003736,-0.345942857822181,0.806028483625454,-0.297328093234179,-0.56786764626573,-0.113962702966696,-0.338141527150266
"229",1.55527611435257,1.66158574045529,0.998276049554909,-1.78282954945028,-0.135273358783035,-0.419534286096779,-0.297328093234179,-0.147769094003736,-0.345942857822181,-1.23532626294771,-0.297328093234179,-0.56786764626573,-0.113962702966696,2.9446491322669
"230",1.55527611435257,1.67642132742364,1.14502577797528,-0.833887721873089,-0.217914709640113,-0.419534286096779,-0.297328093234179,-0.147769094003736,-0.345942857822181,0.806028483625454,-0.297328093234179,-0.56786764626573,-0.113962702966696,2.9446491322669
"231",1.55527611435257,1.69125691439199,1.29177550639566,2.25017321775278,1.32352613895495,-0.419534286096779,-0.297328093234179,-0.147769094003736,-0.345942857822181,0.806028483625454,-0.297328093234179,1.75341589022401,-0.113962702966696,-0.338141527150266
"232",1.55527611435257,1.70609250136034,1.43852523481603,-1.30835863566168,-0.654476628298155,-0.419534286096779,-0.297328093234179,-0.147769094003736,-0.345942857822181,-1.23532626294771,-0.297328093234179,1.75341589022401,-0.113962702966696,-0.338141527150266
"233",1.55527611435257,1.72092808832869,1.58527496323641,0.352289562598399,-0.830538636645843,-0.419534286096779,-0.297328093234179,-0.147769094003736,2.87824457708054,-1.23532626294771,-0.297328093234179,-0.56786764626573,-0.113962702966696,-0.338141527150266
